strain,stress,temperature,specimen
0,0,37,1
0,0.44049,37,1
0.0025487,1.5478,37,1
0.013937,1.7155,37,1
0.023903,1.7721,37,1
0.032558,1.6886,37,1
0.041728,1.4194,37,1
0.053908,0.9885,37,1
0.071398,0.50509,37,1
0.096211,0.081264,37,1
0.13099,-0.21963,37,1
0.17856,-0.36412,37,1
0.23964,-0.34842,37,1
0.31129,-0.2191,37,1
0.38778,-0.054783,37,1
0.46562,0.081048,37,1
0.55107,0.18148,37,1
0.66394,0.25806,37,1
0.83526,0.29195,37,1
1.1028,0.31486,37,1
1.5063,0.42784,37,1
2.0782,0.63147,37,1
2.8304,0.77517,37,1
3.7396,0.73573,37,1
4.7452,0.54692,37,1
5.7657,0.35317,37,1
6.7304,0.27237,37,1
7.6042,0.30884,37,1
8.3946,0.40094,37,1
9.1396,0.48974,37,1
9.8852,0.54605,37,1
10.666,0.5858,37,1
11.491,0.62104,37,1
12.35,0.62432,37,1
13.221,0.59729,37,1
14.085,0.60374,37,1
14.931,0.70622,37,1
15.757,0.91202,37,1
16.574,1.1669,37,1
17.394,1.3764,37,1
18.228,1.462,37,1
19.073,1.4384,37,1
19.921,1.4156,37,1
20.76,1.4824,37,1
21.588,1.6201,37,1
22.409,1.7566,37,1
23.228,1.8548,37,1
24.054,1.9263,37,1
24.887,1.9957,37,1
25.726,2.0896,37,1
26.569,2.2388,37,1
27.412,2.4365,37,1
28.251,2.6294,37,1
29.082,2.7784,37,1
29.907,2.8752,37,1
30.727,2.9282,37,1
31.546,2.9993,37,1
32.364,3.1556,37,1
33.182,3.3482,37,1
34.004,3.4647,37,1
34.829,3.4787,37,1
35.651,3.4619,37,1
36.466,3.5125,37,1
37.27,3.7018,37,1
38.068,4.0554,37,1
38.869,4.5517,37,1
39.678,5.0991,37,1
40.495,5.5593,37,1
41.313,5.8489,37,1
42.13,5.9942,37,1
42.945,6.0862,37,1
43.759,6.215,37,1
44.571,6.438,37,1
45.383,6.7691,37,1
46.195,7.1699,37,1
47.005,7.5745,37,1
47.812,7.9535,37,1
48.615,8.3082,37,1
49.414,8.6111,37,1
50.211,8.8387,37,1
51.007,9.0438,37,1
51.798,9.3277,37,1
52.58,9.7408,37,1
53.351,10.252,37,1
54.111,10.816,37,1
54.863,11.392,37,1
55.612,11.923,37,1
56.36,12.382,37,1
57.105,12.814,37,1
57.843,13.285,37,1
58.571,13.814,37,1
59.291,14.39,37,1
60.008,15.035,37,1
60.722,15.77,37,1
61.432,16.528,37,1
62.135,17.227,37,1
62.835,17.908,37,1
63.536,18.7,37,1
64.236,19.65,37,1
64.931,20.654,37,1
65.616,21.577,37,1
66.291,22.38,37,1
66.958,23.133,37,1
67.619,23.926,37,1
68.278,24.782,37,1
68.935,25.681,37,1
69.586,26.652,37,1
70.227,27.73,37,1
70.851,28.843,37,1
71.459,29.855,37,1
72.055,30.762,37,1
72.64,31.713,37,1
73.217,32.796,37,1
73.786,33.935,37,1
74.35,35.012,37,1
74.906,36.001,37,1
75.451,36.955,37,1
75.982,37.888,37,1
76.498,38.741,37,1
76.999,39.477,37,1
77.485,40.124,37,1
77.956,40.727,37,1
78.413,41.308,37,1
78.854,41.863,37,1
79.276,42.38,37,1
79.677,42.856,37,1
80.055,43.295,37,1
80.41,43.727,37,1
80.744,44.163,37,1
81.061,44.528,37,1
81.363,44.703,37,1
0,0,37,2
0,0.35104,37,2
0.0098888,0.30147,37,2
0.023658,0.35578,37,2
0.041797,0.46081,37,2
0.064619,0.57813,37,2
0.090114,0.67702,37,2
0.11576,0.69526,37,2
0.14256,0.60876,37,2
0.17586,0.47317,37,2
0.22184,0.33435,37,2
0.28361,0.17746,37,2
0.35963,0.0056692,37,2
0.44364,-0.093284,37,2
0.52643,-0.030408,37,2
0.60285,0.15359,37,2
0.68292,0.30913,37,2
0.7981,0.32773,37,2
0.99581,0.24166,37,2
1.3266,0.1569,37,2
1.8301,0.12721,37,2
2.5226,0.1594,37,2
3.3863,0.24527,37,2
4.3692,0.31195,37,2
5.3985,0.26759,37,2
6.4026,0.12919,37,2
7.3314,0.0056707,37,2
8.1696,-0.045775,37,2
8.9376,-0.061962,37,2
9.6793,-0.049991,37,2
10.441,0.048632,37,2
11.252,0.19945,37,2
12.116,0.25658,37,2
13.014,0.16568,37,2
13.914,0.029273,37,2
14.787,-0.023186,37,2
15.623,0.056417,37,2
16.435,0.1998,37,2
17.249,0.2773,37,2
18.085,0.22044,37,2
18.948,0.07386,37,2
19.824,-0.038855,37,2
20.695,-0.004877,37,2
21.546,0.17004,37,2
22.377,0.38857,37,2
23.203,0.58404,37,2
24.04,0.7511,37,2
24.892,0.89451,37,2
25.754,1.0013,37,2
26.616,1.0567,37,2
27.474,1.0498,37,2
28.326,0.98144,37,2
29.174,0.88711,37,2
30.022,0.80272,37,2
30.874,0.725,37,2
31.727,0.63992,37,2
32.577,0.5552,37,2
33.421,0.50794,37,2
34.258,0.5518,37,2
35.092,0.70853,37,2
35.923,0.93928,37,2
36.753,1.1706,37,2
37.581,1.3428,37,2
38.406,1.4667,37,2
39.227,1.6146,37,2
40.047,1.827,37,2
40.868,2.0815,37,2
41.694,2.3336,37,2
42.529,2.5424,37,2
43.37,2.6919,37,2
44.212,2.8056,37,2
45.048,2.922,37,2
45.874,3.04,37,2
46.689,3.0975,37,2
47.5,3.0375,37,2
48.318,2.8958,37,2
49.147,2.8012,37,2
49.986,2.8832,37,2
50.826,3.1694,37,2
51.662,3.5687,37,2
52.492,3.9519,37,2
53.323,4.2389,37,2
54.156,4.4293,37,2
54.988,4.5782,37,2
55.817,4.7407,37,2
56.638,4.9426,37,2
57.453,5.1944,37,2
58.265,5.5049,37,2
59.077,5.8672,37,2
59.893,6.2351,37,2
60.712,6.5631,37,2
61.53,6.8721,37,2
62.345,7.2105,37,2
63.155,7.5775,37,2
63.962,7.9384,37,2
64.767,8.2743,37,2
65.572,8.6102,37,2
66.374,9.0189,37,2
67.171,9.558,37,2
67.961,10.19,37,2
68.744,10.803,37,2
69.522,11.31,37,2
70.296,11.725,37,2
71.067,12.142,37,2
71.834,12.625,37,2
72.594,13.192,37,2
73.348,13.855,37,2
74.098,14.597,37,2
74.843,15.367,37,2
75.586,16.106,37,2
76.322,16.775,37,2
77.049,17.414,37,2
77.766,18.135,37,2
78.475,19.024,37,2
79.177,20.058,37,2
79.876,21.144,37,2
80.572,22.237,37,2
81.265,23.324,37,2
81.951,24.373,37,2
82.629,25.382,37,2
83.296,26.379,37,2
83.949,27.393,37,2
84.588,28.478,37,2
85.214,29.675,37,2
85.83,30.927,37,2
86.436,32.122,37,2
87.035,33.197,37,2
87.626,34.191,37,2
88.205,35.194,37,2
88.772,36.221,37,2
89.324,37.164,37,2
89.859,37.912,37,2
90.379,38.451,37,2
90.882,38.841,37,2
91.369,39.123,37,2
91.841,39.263,37,2
0,0,37,3
0,0.76899,37,3
0.0017886,0.83605,37,3
0.017196,0.61226,37,3
0.049718,0.34347,37,3
0.090044,0.22661,37,3
0.13518,0.23336,37,3
0.18372,0.24358,37,3
0.23903,0.15765,37,3
0.31079,-0.0051185,37,3
0.41459,-0.11438,37,3
0.57133,-0.079949,37,3
0.80633,0.058975,37,3
1.1451,0.22507,37,3
1.606,0.39822,37,3
2.1946,0.596,37,3
2.8997,0.81208,37,3
3.6917,1.0003,37,3
4.5305,1.1027,37,3
5.3795,1.075,37,3
6.2149,0.92717,37,3
7.0279,0.75208,37,3
7.8245,0.65247,37,3
8.6206,0.64282,37,3
9.4321,0.66291,37,3
10.266,0.6712,37,3
11.119,0.67734,37,3
11.979,0.67584,37,3
12.836,0.62132,37,3
13.684,0.50614,37,3
14.522,0.40337,37,3
15.359,0.41874,37,3
16.201,0.59757,37,3
17.054,0.85447,37,3
17.914,1.0377,37,3
18.774,1.0758,37,3
19.622,1.0038,37,3
20.457,0.88049,37,3
21.284,0.77292,37,3
22.114,0.77293,37,3
22.955,0.93181,37,3
23.81,1.2025,37,3
24.673,1.4782,37,3
25.535,1.6704,37,3
26.388,1.7461,37,3
27.233,1.7096,37,3
28.074,1.5769,37,3
28.914,1.3941,37,3
29.756,1.263,37,3
30.599,1.2779,37,3
31.442,1.4349,37,3
32.291,1.6508,37,3
33.149,1.8323,37,3
34.016,1.9179,37,3
34.882,1.9167,37,3
35.74,1.9129,37,3
36.584,1.9982,37,3
37.417,2.1862,37,3
38.242,2.4051,37,3
39.068,2.5667,37,3
39.902,2.6346,37,3
40.745,2.6648,37,3
41.592,2.7572,37,3
42.434,2.9316,37,3
43.269,3.1364,37,3
44.098,3.3532,37,3
44.924,3.5906,37,3
45.751,3.836,37,3
46.579,4.0615,37,3
47.406,4.2183,37,3
48.23,4.2619,37,3
49.048,4.224,37,3
49.862,4.1995,37,3
50.677,4.263,37,3
51.498,4.4346,37,3
52.327,4.6955,37,3
53.16,4.9997,37,3
53.995,5.2837,37,3
54.826,5.5094,37,3
55.65,5.7106,37,3
56.467,5.9279,37,3
57.282,6.1237,37,3
58.1,6.2629,37,3
58.92,6.4038,37,3
59.743,6.6293,37,3
60.564,6.958,37,3
61.382,7.3354,37,3
62.196,7.691,37,3
63.003,8.0066,37,3
63.803,8.307,37,3
64.593,8.6042,37,3
65.375,8.8963,37,3
66.152,9.2087,37,3
66.928,9.5882,37,3
67.707,10.041,37,3
68.489,10.516,37,3
69.272,10.967,37,3
70.055,11.378,37,3
70.835,11.756,37,3
71.613,12.122,37,3
72.387,12.513,37,3
73.155,12.974,37,3
73.913,13.515,37,3
74.659,14.112,37,3
75.396,14.751,37,3
76.128,15.439,37,3
76.859,16.15,37,3
77.588,16.855,37,3
78.315,17.572,37,3
79.037,18.324,37,3
79.751,19.09,37,3
80.457,19.874,37,3
81.156,20.714,37,3
81.85,21.612,37,3
82.54,22.517,37,3
83.223,23.397,37,3
83.898,24.261,37,3
84.559,25.127,37,3
85.201,25.998,37,3
85.827,26.858,37,3
86.438,27.689,37,3
87.04,28.503,37,3
87.637,29.324,37,3
88.228,30.147,37,3
88.811,30.949,37,3
89.386,31.7,37,3
89.955,32.352,37,3
90.518,32.884,37,3
91.073,33.312,37,3
91.617,33.644,37,3
92.144,33.816,37,3
0,0,37,4
0,0.20327,37,4
0.0038739,0.12548,37,4
0.0097742,0.063245,37,4
0.017338,0.037153,37,4
0.027552,0.032528,37,4
0.038982,0.013145,37,4
0.051097,-0.023658,37,4
0.068422,-0.032983,37,4
0.097901,0.012685,37,4
0.14383,0.065952,37,4
0.20685,0.054917,37,4
0.28459,-0.014686,37,4
0.37213,-0.051171,37,4
0.46681,0.0071897,37,4
0.57605,0.10784,37,4
0.72032,0.15722,37,4
0.92966,0.1237,37,4
1.2388,0.03441,37,4
1.6812,-0.064964,37,4
2.2796,-0.1224,37,4
3.034,-0.10234,37,4
3.9163,-0.01675,37,4
4.876,0.085924,37,4
5.8554,0.15725,37,4
6.8052,0.17375,37,4
7.6956,0.14944,37,4
8.5226,0.11798,37,4
9.3056,0.098609,37,4
10.078,0.095571,37,4
10.872,0.096268,37,4
11.704,0.062342,37,4
12.572,-0.02395,37,4
13.46,-0.13297,37,4
14.346,-0.22717,37,4
15.217,-0.26534,37,4
16.069,-0.21236,37,4
16.912,-0.096413,37,4
17.756,0.011931,37,4
18.61,0.073165,37,4
19.471,0.089442,37,4
20.328,0.084047,37,4
21.171,0.085004,37,4
21.996,0.095606,37,4
22.811,0.085953,37,4
23.632,0.039015,37,4
24.47,-0.010774,37,4
25.327,-0.0057608,37,4
26.195,0.065601,37,4
27.064,0.13163,37,4
27.926,0.10096,37,4
28.784,-0.024323,37,4
29.643,-0.13348,37,4
30.506,-0.12071,37,4
31.367,0.020988,37,4
32.218,0.22003,37,4
33.056,0.37934,37,4
33.887,0.42839,37,4
34.72,0.38806,37,4
35.56,0.34266,37,4
36.404,0.32737,37,4
37.25,0.31982,37,4
38.098,0.32401,37,4
38.948,0.36716,37,4
39.803,0.42817,37,4
40.659,0.45061,37,4
41.512,0.43143,37,4
42.362,0.43354,37,4
43.21,0.50517,37,4
44.059,0.63383,37,4
44.91,0.77154,37,4
45.761,0.88434,37,4
46.611,0.96799,37,4
47.453,1.0175,37,4
48.285,1.0344,37,4
49.109,1.0581,37,4
49.93,1.1265,37,4
50.755,1.2449,37,4
51.585,1.4269,37,4
52.422,1.6818,37,4
53.263,1.9741,37,4
54.106,2.2693,37,4
54.95,2.5597,37,4
55.795,2.852,37,4
56.64,3.1856,37,4
57.486,3.5981,37,4
58.333,4.0809,37,4
59.18,4.6409,37,4
60.024,5.3238,37,4
60.862,6.1269,37,4
61.696,6.9827,37,4
62.53,7.8417,37,4
63.365,8.6993,37,4
64.198,9.5658,37,4
65.025,10.467,37,4
65.844,11.433,37,4
66.659,12.452,37,4
67.471,13.453,37,4
68.276,14.334,37,4
69.069,15.029,37,4
69.847,15.569,37,4
70.608,16.043,37,4
71.353,16.524,37,4
72.084,17.008,37,4
72.8,17.454,37,4
73.501,17.839,37,4
74.183,18.16,37,4
74.846,18.439,37,4
75.49,18.72,37,4
76.113,19.051,37,4
76.714,19.456,37,4
77.292,19.895,37,4
77.842,20.279,37,4
78.359,20.559,37,4
78.84,20.783,37,4
79.284,21.034,37,4
79.692,21.326,37,4
80.067,21.614,37,4
80.412,21.88,37,4
80.735,22.156,37,4
81.038,22.444,37,4
81.325,22.702,37,4
81.596,22.913,37,4
81.85,23.11,37,4
82.088,23.313,37,4
82.314,23.497,37,4
82.534,23.635,37,4
82.749,23.741,37,4
82.954,23.868,37,4
83.145,24.05,37,4
83.318,24.24,37,4
83.475,24.353,37,4
0,0,37,5
0,0.30379,37,5
0.015523,0.25802,37,5
0.055126,0.36587,37,5
0.11785,0.51144,37,5
0.19903,0.64713,37,5
0.2904,0.71139,37,5
0.38484,0.66613,37,5
0.4783,0.53605,37,5
0.57193,0.39411,37,5
0.67683,0.29134,37,5
0.81835,0.22572,37,5
1.0349,0.18859,37,5
1.3709,0.18216,37,5
1.8662,0.18688,37,5
2.5431,0.17246,37,5
3.3923,0.15092,37,5
4.3682,0.17447,37,5
5.3982,0.24588,37,5
6.4041,0.28267,37,5
7.3276,0.21411,37,5
8.1499,0.06486,37,5
8.896,-0.083927,37,5
9.6182,-0.18136,37,5
10.367,-0.2044,37,5
11.171,-0.11359,37,5
12.028,0.086556,37,5
12.914,0.28463,37,5
13.797,0.35552,37,5
14.655,0.28381,37,5
15.482,0.14247,37,5
16.29,0.011571,37,5
17.097,-0.030985,37,5
17.921,0.0772,37,5
18.763,0.31479,37,5
19.617,0.58445,37,5
20.471,0.78765,37,5
21.319,0.84636,37,5
22.158,0.73914,37,5
22.991,0.54292,37,5
23.824,0.37499,37,5
24.661,0.31942,37,5
25.506,0.3896,37,5
26.354,0.52975,37,5
27.197,0.69444,37,5
28.033,0.87337,37,5
28.868,1.0258,37,5
29.707,1.0906,37,5
30.549,1.0432,37,5
31.389,0.92293,37,5
32.22,0.83946,37,5
33.048,0.89012,37,5
33.88,1.057,37,5
34.72,1.2443,37,5
35.566,1.3712,37,5
36.415,1.4087,37,5
37.262,1.3834,37,5
38.104,1.3369,37,5
38.941,1.3033,37,5
39.778,1.3288,37,5
40.617,1.434,37,5
41.456,1.5889,37,5
42.294,1.7385,37,5
43.125,1.8224,37,5
43.951,1.8356,37,5
44.774,1.8359,37,5
45.597,1.8592,37,5
46.423,1.9065,37,5
47.256,1.9832,37,5
48.095,2.1073,37,5
48.936,2.2812,37,5
49.773,2.45,37,5
50.6,2.5505,37,5
51.419,2.5953,37,5
52.234,2.6556,37,5
53.049,2.7902,37,5
53.865,2.9978,37,5
54.68,3.2249,37,5
55.494,3.4168,37,5
56.309,3.5444,37,5
57.128,3.6163,37,5
57.949,3.6833,37,5
58.769,3.7939,37,5
59.588,3.9494,37,5
60.407,4.13,37,5
61.225,4.3333,37,5
62.041,4.5794,37,5
62.853,4.8862,37,5
63.663,5.2087,37,5
64.471,5.4489,37,5
65.28,5.573,37,5
66.089,5.6564,37,5
66.896,5.8111,37,5
67.698,6.0975,37,5
68.496,6.5183,37,5
69.292,7.0735,37,5
70.086,7.7173,37,5
70.88,8.3042,37,5
71.674,8.7294,37,5
72.469,9.0579,37,5
73.265,9.4077,37,5
74.056,9.7921,37,5
74.841,10.158,37,5
75.616,10.523,37,5
76.379,10.972,37,5
77.13,11.515,37,5
77.874,12.073,37,5
78.616,12.568,37,5
79.359,13.007,37,5
80.104,13.488,37,5
80.846,14.1,37,5
81.583,14.822,37,5
82.313,15.566,37,5
83.043,16.281,37,5
83.775,16.982,37,5
84.509,17.685,37,5
85.238,18.365,37,5
85.957,19.018,37,5
86.663,19.702,37,5
87.358,20.458,37,5
88.043,21.262,37,5
88.721,22.068,37,5
89.394,22.872,37,5
90.059,23.69,37,5
90.716,24.516,37,5
91.365,25.335,37,5
92.002,26.159,37,5
92.624,26.969,37,5
93.232,27.649,37,5
93.828,28.095,37,5
94.413,28.342,37,5
94.985,28.461,37,5
0,0,37,6
0,0.25445,37,6
0.012504,0.43165,37,6
0.063411,0.39709,37,6
0.11746,0.31328,37,6
0.17411,0.22571,37,6
0.23777,0.22017,37,6
0.31509,0.30316,37,6
0.41435,0.40423,37,6
0.54848,0.46585,37,6
0.73888,0.46064,37,6
1.015,0.39081,37,6
1.4082,0.29759,37,6
1.9422,0.22596,37,6
2.6236,0.18987,37,6
3.4353,0.17907,37,6
4.3364,0.19018,37,6
5.2743,0.24987,37,6
6.2021,0.36369,37,6
7.0912,0.46881,37,6
7.9343,0.52614,37,6
8.7426,0.5667,37,6
9.5389,0.5914,37,6
10.346,0.55625,37,6
11.177,0.45456,37,6
12.034,0.33464,37,6
12.907,0.25589,37,6
13.779,0.23653,37,6
14.637,0.24425,37,6
15.48,0.25338,37,6
16.313,0.27658,37,6
17.146,0.32266,37,6
17.984,0.37405,37,6
18.829,0.40749,37,6
19.68,0.40705,37,6
20.536,0.3915,37,6
21.394,0.42119,37,6
22.251,0.52488,37,6
23.106,0.64985,37,6
23.96,0.72195,37,6
24.816,0.72678,37,6
25.672,0.70256,37,6
26.528,0.67876,37,6
27.38,0.65914,37,6
28.229,0.64915,37,6
29.077,0.67308,37,6
29.928,0.73993,37,6
30.782,0.82537,37,6
31.636,0.92801,37,6
32.49,1.0742,37,6
33.342,1.2539,37,6
34.192,1.4166,37,6
35.036,1.5168,37,6
35.873,1.5377,37,6
36.704,1.4934,37,6
37.532,1.428,37,6
38.364,1.3739,37,6
39.202,1.306,37,6
40.042,1.193,37,6
40.883,1.082,37,6
41.726,1.0665,37,6
42.57,1.176,37,6
43.415,1.3664,37,6
44.258,1.6064,37,6
45.098,1.8824,37,6
45.935,2.1478,37,6
46.769,2.3451,37,6
47.601,2.4685,37,6
48.435,2.581,37,6
49.276,2.721,37,6
50.126,2.8544,37,6
50.981,2.979,37,6
51.839,3.1555,37,6
52.695,3.42,37,6
53.544,3.7572,37,6
54.378,4.1017,37,6
55.199,4.354,37,6
56.013,4.4814,37,6
56.832,4.5666,37,6
57.661,4.7112,37,6
58.496,4.9254,37,6
59.333,5.1569,37,6
60.17,5.4254,37,6
61.006,5.8122,37,6
61.842,6.297,37,6
62.678,6.7381,37,6
63.51,7.0231,37,6
64.337,7.1632,37,6
65.158,7.2602,37,6
65.976,7.4141,37,6
66.792,7.6706,37,6
67.605,8.0281,37,6
68.417,8.4347,37,6
69.226,8.7932,37,6
70.029,9.0561,37,6
70.826,9.286,37,6
71.62,9.5603,37,6
72.413,9.9015,37,6
73.205,10.308,37,6
73.992,10.765,37,6
74.773,11.247,37,6
75.546,11.724,37,6
76.311,12.17,37,6
77.066,12.58,37,6
77.812,12.996,37,6
78.55,13.491,37,6
79.287,14.097,37,6
80.028,14.768,37,6
80.774,15.443,37,6
81.519,16.097,37,6
82.255,16.753,37,6
82.977,17.458,37,6
83.683,18.236,37,6
84.381,19.066,37,6
85.076,19.911,37,6
85.774,20.749,37,6
86.476,21.584,37,6
87.181,22.438,37,6
87.882,23.332,37,6
88.577,24.263,37,6
89.263,25.216,37,6
89.939,26.179,37,6
90.604,27.133,37,6
91.256,28.052,37,6
91.895,28.925,37,6
92.519,29.757,37,6
93.13,30.52,37,6
93.731,31.132,37,6
94.32,31.49,37,6
94.898,31.534,37,6
0,0,37,7
0,0.24857,37,7
0.011057,0.38265,37,7
0.024403,0.50098,37,7
0.039726,0.54067,37,7
0.055626,0.52357,37,7
0.072767,0.48922,37,7
0.094364,0.48147,37,7
0.12335,0.51858,37,7
0.16017,0.53864,37,7
0.20428,0.48372,37,7
0.25645,0.38326,37,7
0.31838,0.28306,37,7
0.39123,0.19083,37,7
0.47405,0.099106,37,7
0.56415,-0.0081348,37,7
0.66382,-0.11847,37,7
0.78838,-0.16867,37,7
0.96721,-0.1299,37,7
1.2384,-0.035359,37,7
1.6402,0.07707,37,7
2.1991,0.16281,37,7
2.9176,0.19114,37,7
3.7694,0.19626,37,7
4.706,0.22085,37,7
5.6696,0.2361,37,7
6.6092,0.20589,37,7
7.493,0.18525,37,7
8.3172,0.24337,37,7
9.102,0.32197,37,7
9.8781,0.28575,37,7
10.672,0.12385,37,7
11.496,-0.0080224,37,7
12.349,0.020944,37,7
13.217,0.19254,37,7
14.084,0.39387,37,7
14.942,0.50824,37,7
15.791,0.4992,37,7
16.639,0.43566,37,7
17.494,0.41301,37,7
18.358,0.47888,37,7
19.225,0.62658,37,7
20.091,0.81166,37,7
20.95,0.98457,37,7
21.802,1.1147,37,7
22.652,1.164,37,7
23.505,1.0915,37,7
24.367,0.92021,37,7
25.236,0.73461,37,7
26.105,0.60926,37,7
26.969,0.56731,37,7
27.825,0.57855,37,7
28.678,0.59048,37,7
29.531,0.56474,37,7
30.388,0.51097,37,7
31.249,0.50797,37,7
32.115,0.61728,37,7
32.986,0.77534,37,7
33.858,0.86403,37,7
34.728,0.85504,37,7
35.59,0.81433,37,7
36.441,0.79279,37,7
37.28,0.79391,37,7
38.11,0.84686,37,7
38.937,0.99068,37,7
39.769,1.1851,37,7
40.61,1.3449,37,7
41.461,1.4472,37,7
42.316,1.5353,37,7
43.17,1.631,37,7
44.022,1.7035,37,7
44.873,1.7369,37,7
45.722,1.7662,37,7
46.572,1.8204,37,7
47.425,1.8836,37,7
48.279,1.9282,37,7
49.134,1.939,37,7
49.989,1.9131,37,7
50.843,1.8669,37,7
51.701,1.8267,37,7
52.561,1.8253,37,7
53.419,1.8995,37,7
54.273,2.0674,37,7
55.119,2.3191,37,7
55.958,2.6107,37,7
56.791,2.8828,37,7
57.621,3.1144,37,7
58.449,3.3292,37,7
59.277,3.5471,37,7
60.112,3.7689,37,7
60.958,4.006,37,7
61.812,4.2791,37,7
62.668,4.5643,37,7
63.522,4.7795,37,7
64.368,4.8725,37,7
65.204,4.874,37,7
66.035,4.8255,37,7
66.867,4.7463,37,7
67.704,4.6783,37,7
68.545,4.6644,37,7
69.384,4.7166,37,7
70.218,4.834,37,7
71.051,4.9828,37,7
71.888,5.0957,37,7
72.734,5.1625,37,7
73.581,5.2332,37,7
74.419,5.3091,37,7
75.239,5.3503,37,7
76.045,5.3682,37,7
76.847,5.4257,37,7
77.652,5.5716,37,7
78.458,5.8109,37,7
79.263,6.1247,37,7
80.062,6.4671,37,7
80.855,6.7577,37,7
81.64,6.954,37,7
82.421,7.1137,37,7
83.205,7.3376,37,7
83.997,7.6474,37,7
84.798,7.9562,37,7
85.6,8.2026,37,7
86.395,8.4583,37,7
87.179,8.8233,37,7
87.955,9.2816,37,7
88.73,9.7396,37,7
89.508,10.147,37,7
90.296,10.52,37,7
91.096,10.914,37,7
91.906,11.38,37,7
92.715,11.912,37,7
93.507,12.449,37,7
94.276,12.945,37,7
95.02,13.384,37,7
95.747,13.771,37,7
96.466,14.138,37,7
97.184,14.523,37,7
97.907,14.925,37,7
98.64,15.255,37,7
99.382,15.377,37,7
0,0,37,8
0,0.11768,37,8
0.0045754,0.022838,37,8
0.0092373,-0.054225,37,8
0.015294,-0.010317,37,8
0.024372,0.1239,37,8
0.036522,0.21347,37,8
0.050074,0.20682,37,8
0.062538,0.1829,37,8
0.072075,0.2064,37,8
0.078846,0.26612,37,8
0.085741,0.34192,37,8
0.098194,0.4236,37,8
0.12171,0.46077,37,8
0.15877,0.38548,37,8
0.20889,0.20462,37,8
0.27037,0.014091,37,8
0.34072,-0.084806,37,8
0.41663,-0.061926,37,8
0.49628,0.057334,37,8
0.5835,0.2402,37,8
0.69229,0.43291,37,8
0.84976,0.56258,37,8
1.0921,0.60778,37,8
1.4527,0.61653,37,8
1.9517,0.62046,37,8
2.5904,0.59401,37,8
3.3509,0.52716,37,8
4.1996,0.46786,37,8
5.0952,0.46434,37,8
5.9979,0.49973,37,8
6.8791,0.50943,37,8
7.7271,0.45772,37,8
8.5464,0.37254,37,8
9.3514,0.31987,37,8
10.16,0.35019,37,8
10.988,0.45178,37,8
11.843,0.56852,37,8
12.721,0.6372,37,8
13.603,0.59185,37,8
14.469,0.41271,37,8
15.312,0.18201,37,8
16.138,0.021491,37,8
16.963,-0.0070355,37,8
17.798,0.091121,37,8
18.646,0.28565,37,8
19.501,0.5277,37,8
20.356,0.74281,37,8
21.208,0.86303,37,8
22.059,0.87251,37,8
22.913,0.81086,37,8
23.771,0.733,37,8
24.63,0.67459,37,8
25.484,0.64892,37,8
26.332,0.66201,37,8
27.174,0.71956,37,8
28.012,0.81616,37,8
28.85,0.93836,37,8
29.69,1.0642,37,8
30.532,1.1517,37,8
31.377,1.1819,37,8
32.225,1.181,37,8
33.075,1.1606,37,8
33.924,1.1232,37,8
34.77,1.1137,37,8
35.612,1.1708,37,8
36.452,1.2688,37,8
37.291,1.3478,37,8
38.128,1.3721,37,8
38.961,1.3697,37,8
39.788,1.4145,37,8
40.61,1.5493,37,8
41.426,1.7397,37,8
42.239,1.9309,37,8
43.057,2.0903,37,8
43.884,2.1425,37,8
44.719,2,37,8
45.555,1.7357,37,8
46.384,1.5679,37,8
47.205,1.6448,37,8
48.025,1.9321,37,8
48.854,2.2643,37,8
49.695,2.4831,37,8
50.543,2.5487,37,8
51.39,2.5142,37,8
52.232,2.4695,37,8
53.07,2.5149,37,8
53.906,2.6971,37,8
54.741,2.977,37,8
55.575,3.278,37,8
56.408,3.5446,37,8
57.244,3.7587,37,8
58.08,3.9134,37,8
58.913,4.0073,37,8
59.742,4.0854,37,8
60.569,4.2282,37,8
61.395,4.4581,37,8
62.221,4.7278,37,8
63.047,5.0144,37,8
63.879,5.3247,37,8
64.717,5.6354,37,8
65.559,5.937,37,8
66.4,6.2705,37,8
67.235,6.6458,37,8
68.065,7.003,37,8
68.895,7.3047,37,8
69.731,7.6026,37,8
70.572,7.9519,37,8
71.411,8.3261,37,8
72.238,8.6925,37,8
73.048,9.07,37,8
73.846,9.4848,37,8
74.641,9.947,37,8
75.435,10.431,37,8
76.227,10.872,37,8
77.013,11.243,37,8
77.794,11.612,37,8
78.571,12.089,37,8
79.35,12.708,37,8
80.133,13.375,37,8
80.918,13.992,37,8
81.699,14.562,37,8
82.474,15.133,37,8
83.241,15.742,37,8
84.002,16.453,37,8
84.751,17.301,37,8
85.486,18.216,37,8
86.209,19.084,37,8
86.925,19.852,37,8
87.638,20.567,37,8
88.346,21.326,37,8
89.046,22.183,37,8
89.734,23.126,37,8
90.411,24.146,37,8
91.078,25.197,37,8
91.735,26.15,37,8
92.38,26.901,37,8
93.013,27.465,37,8
93.641,27.929,37,8
94.268,28.349,37,8
94.892,28.723,37,8
95.506,29.006,37,8
96.1,29.126,37,8
0,0,37,9
0,0.1155,37,9
0.007071,0.042475,37,9
0.054506,0.15439,37,9
0.11734,0.21248,37,9
0.19266,0.20072,37,9
0.2752,0.23597,37,9
0.36214,0.372,37,9
0.45871,0.48889,37,9
0.57909,0.4819,37,9
0.74362,0.41944,37,9
0.97595,0.38805,37,9
1.3008,0.34709,37,9
1.7398,0.25532,37,9
2.3054,0.17567,37,9
2.9942,0.15549,37,9
3.7833,0.1396,37,9
4.6355,0.066405,37,9
5.5101,-0.058397,37,9
6.3754,-0.197,37,9
7.2159,-0.29473,37,9
8.0315,-0.28986,37,9
8.8315,-0.18952,37,9
9.6281,-0.086955,37,9
10.433,-0.051084,37,9
11.251,-0.05712,37,9
12.083,-0.03003,37,9
12.922,0.081151,37,9
13.762,0.23958,37,9
14.599,0.33316,37,9
15.431,0.27837,37,9
16.264,0.10604,37,9
17.101,-0.067918,37,9
17.942,-0.14484,37,9
18.789,-0.098083,37,9
19.636,0.027479,37,9
20.482,0.15464,37,9
21.327,0.22948,37,9
22.173,0.23706,37,9
23.019,0.21836,37,9
23.862,0.24723,37,9
24.702,0.32698,37,9
25.54,0.38608,37,9
26.381,0.40912,37,9
27.23,0.47518,37,9
28.085,0.61494,37,9
28.941,0.72307,37,9
29.792,0.69348,37,9
30.635,0.54962,37,9
31.473,0.38816,37,9
32.31,0.28949,37,9
33.148,0.30738,37,9
33.987,0.45653,37,9
34.827,0.68701,37,9
35.669,0.92885,37,9
36.514,1.155,37,9
37.361,1.3577,37,9
38.212,1.4836,37,9
39.062,1.4684,37,9
39.908,1.3653,37,9
40.749,1.3227,37,9
41.59,1.3798,37,9
42.434,1.426,37,9
43.283,1.3956,37,9
44.135,1.3553,37,9
44.988,1.3951,37,9
45.843,1.5437,37,9
46.701,1.7617,37,9
47.56,1.9656,37,9
48.419,2.1044,37,9
49.276,2.1978,37,9
50.131,2.2704,37,9
50.988,2.3198,37,9
51.849,2.3558,37,9
52.713,2.3883,37,9
53.575,2.3909,37,9
54.432,2.3613,37,9
55.281,2.3571,37,9
56.125,2.4167,37,9
56.966,2.5286,37,9
57.806,2.6666,37,9
58.651,2.8078,37,9
59.5,2.9632,37,9
60.352,3.1898,37,9
61.199,3.5211,37,9
62.037,3.9129,37,9
62.869,4.2868,37,9
63.703,4.6099,37,9
64.545,4.9265,37,9
65.395,5.2967,37,9
66.249,5.7064,37,9
67.099,6.0986,37,9
67.942,6.4458,37,9
68.774,6.7445,37,9
69.599,7.0227,37,9
70.427,7.3369,37,9
71.26,7.7182,37,9
72.096,8.1466,37,9
72.927,8.5648,37,9
73.753,8.909,37,9
74.575,9.1711,37,9
75.392,9.4533,37,9
76.206,9.8961,37,9
77.019,10.492,37,9
77.832,11.084,37,9
78.645,11.585,37,9
79.448,12.068,37,9
80.234,12.626,37,9
81,13.243,37,9
81.75,13.827,37,9
82.49,14.333,37,9
83.23,14.798,37,9
83.973,15.295,37,9
84.716,15.915,37,9
85.456,16.707,37,9
86.19,17.577,37,9
86.918,18.36,37,9
87.64,19.013,37,9
88.355,19.647,37,9
89.063,20.37,37,9
89.763,21.176,37,9
90.452,22.005,37,9
91.128,22.835,37,9
91.787,23.677,37,9
92.435,24.547,37,9
93.074,25.423,37,9
93.71,26.247,37,9
94.34,26.945,37,9
94.96,27.447,37,9
95.567,27.671,37,9
0,0,0,10
0,2.4635,0,10
0.0083467,3.6293,0,10
0.024822,3.5382,0,10
0.046249,3.2132,0,10
0.072596,2.6487,0,10
0.10718,1.8507,0,10
0.15399,0.91302,0,10
0.21476,0.023718,0,10
0.28808,-0.61627,0,10
0.37021,-0.90429,0,10
0.4564,-0.86212,0,10
0.54245,-0.58161,0,10
0.62898,-0.18652,0,10
0.72886,0.19652,0,10
0.8728,0.47619,0,10
1.1071,0.62736,0,10
1.4819,0.70053,0,10
2.0333,0.76818,0,10
2.767,0.8553,0,10
3.6521,0.94603,0,10
4.6284,1.0262,0,10
5.6239,1.0872,0,10
6.5751,1.1134,0,10
7.4454,1.1025,0,10
8.2356,1.0972,0,10
8.9783,1.1474,0,10
9.7189,1.237,0,10
10.494,1.3099,0,10
11.32,1.3477,0,10
12.189,1.3692,0,10
13.081,1.3836,0,10
13.966,1.3865,0,10
14.823,1.4033,0,10
15.644,1.4923,0,10
16.445,1.6832,0,10
17.246,1.939,0,10
18.064,2.1913,0,10
18.899,2.4016,0,10
19.74,2.5772,0,10
20.575,2.741,0,10
21.398,2.9026,0,10
22.215,3.0414,0,10
23.034,3.1232,0,10
23.858,3.149,0,10
24.687,3.1623,0,10
25.514,3.2053,0,10
26.337,3.2878,0,10
27.154,3.3932,0,10
27.97,3.4902,0,10
28.789,3.5597,0,10
29.614,3.6178,0,10
30.439,3.7107,0,10
31.259,3.8963,0,10
32.072,4.1909,0,10
32.884,4.5277,0,10
33.697,4.8185,0,10
34.512,5.0575,0,10
35.327,5.3058,0,10
36.139,5.5731,0,10
36.944,5.8101,0,10
37.744,6.0089,0,10
38.539,6.223,0,10
39.331,6.4891,0,10
40.121,6.7702,0,10
40.907,7.0017,0,10
41.689,7.1718,0,10
42.47,7.3171,0,10
43.253,7.483,0,10
44.035,7.7154,0,10
44.816,8.0336,0,10
45.594,8.4062,0,10
46.366,8.7794,0,10
47.132,9.1253,0,10
47.889,9.4533,0,10
48.637,9.774,0,10
49.38,10.085,0,10
50.125,10.411,0,10
50.877,10.81,0,10
51.636,11.29,0,10
52.394,11.768,0,10
53.146,12.16,0,10
53.886,12.496,0,10
54.612,12.883,0,10
55.325,13.385,0,10
56.03,14,0,10
56.732,14.704,0,10
57.436,15.474,0,10
58.143,16.285,0,10
58.854,17.081,0,10
59.561,17.795,0,10
60.259,18.407,0,10
60.953,18.967,0,10
61.649,19.564,0,10
62.348,20.264,0,10
63.039,21.074,0,10
63.715,21.954,0,10
64.377,22.861,0,10
65.032,23.782,0,10
65.684,24.712,0,10
66.334,25.629,0,10
66.978,26.513,0,10
67.612,27.4,0,10
68.234,28.326,0,10
68.846,29.263,0,10
69.447,30.172,0,10
70.037,31.072,0,10
70.613,31.999,0,10
71.175,32.951,0,10
71.724,33.885,0,10
72.26,34.734,0,10
72.783,35.474,0,10
73.289,36.166,0,10
73.779,36.891,0,10
74.255,37.67,0,10
74.72,38.468,0,10
75.177,39.241,0,10
75.626,39.953,0,10
76.065,40.6,0,10
76.491,41.215,0,10
76.903,41.867,0,10
77.302,42.617,0,10
77.689,43.432,0,10
78.056,44.196,0,10
78.4,44.813,0,10
78.725,45.275,0,10
79.041,45.643,0,10
79.351,45.972,0,10
79.651,46.28,0,10
79.932,46.541,0,10
80.191,46.707,0,10
80.428,46.737,0,10
0,0,0,11
0,-0.13507,0,11
0.022308,2.2031,0,11
0.054781,1.902,0,11
0.090846,1.3971,0,11
0.1321,0.74268,0,11
0.18197,0.051522,0,11
0.2434,-0.50085,0,11
0.31777,-0.77471,0,11
0.40583,-0.76249,0,11
0.50838,-0.53643,0,11
0.62588,-0.17073,0,11
0.76005,0.24253,0,11
0.92026,0.59762,0,11
1.1314,0.82683,0,11
1.4352,0.91074,0,11
1.8786,0.87995,0,11
2.4931,0.80882,0,11
3.2778,0.7529,0,11
4.1966,0.72785,0,11
5.1891,0.75363,0,11
6.1883,0.82989,0,11
7.1401,0.89578,0,11
8.0191,0.89221,0,11
8.8327,0.82563,0,11
9.6116,0.74674,0,11
10.393,0.72248,0,11
11.204,0.82681,0,11
12.056,1.0649,0,11
12.94,1.3253,0,11
13.836,1.5009,0,11
14.724,1.5904,0,11
15.589,1.635,0,11
16.432,1.6597,0,11
17.262,1.7115,0,11
18.098,1.861,0,11
18.957,2.1262,0,11
19.838,2.4412,0,11
20.724,2.7104,0,11
21.596,2.8833,0,11
22.445,2.97,0,11
23.276,2.9911,0,11
24.1,2.9598,0,11
24.928,2.9141,0,11
25.761,2.9136,0,11
26.599,2.9874,0,11
27.439,3.0925,0,11
28.284,3.1607,0,11
29.133,3.1869,0,11
29.988,3.2296,0,11
30.843,3.327,0,11
31.697,3.4552,0,11
32.549,3.5725,0,11
33.403,3.6675,0,11
34.26,3.7665,0,11
35.119,3.9155,0,11
35.975,4.1411,0,11
36.82,4.4151,0,11
37.651,4.6705,0,11
38.471,4.8695,0,11
39.288,5.0319,0,11
40.106,5.1859,0,11
40.927,5.3443,0,11
41.753,5.521,0,11
42.582,5.7235,0,11
43.412,5.9455,0,11
44.236,6.1669,0,11
45.051,6.3509,0,11
45.857,6.482,0,11
46.658,6.6036,0,11
47.459,6.7842,0,11
48.266,7.0541,0,11
49.08,7.3785,0,11
49.901,7.7046,0,11
50.719,8.0307,0,11
51.525,8.3792,0,11
52.317,8.7297,0,11
53.101,9.0437,0,11
53.883,9.3243,0,11
54.666,9.6134,0,11
55.446,9.9571,0,11
56.223,10.394,0,11
56.998,10.941,0,11
57.773,11.563,0,11
58.544,12.178,0,11
59.308,12.727,0,11
60.066,13.236,0,11
60.822,13.776,0,11
61.579,14.403,0,11
62.335,15.118,0,11
63.087,15.859,0,11
63.834,16.544,0,11
64.575,17.157,0,11
65.308,17.777,0,11
66.035,18.496,0,11
66.756,19.316,0,11
67.478,20.173,0,11
68.203,21.031,0,11
68.931,21.902,0,11
69.656,22.794,0,11
70.374,23.68,0,11
71.082,24.524,0,11
71.78,25.335,0,11
72.468,26.173,0,11
73.144,27.099,0,11
73.804,28.128,0,11
74.448,29.229,0,11
75.079,30.367,0,11
75.704,31.527,0,11
76.324,32.673,0,11
76.935,33.767,0,11
77.531,34.792,0,11
78.113,35.751,0,11
78.681,36.69,0,11
79.239,37.673,0,11
79.786,38.711,0,11
80.322,39.752,0,11
80.839,40.735,0,11
81.333,41.639,0,11
81.806,42.505,0,11
82.262,43.404,0,11
82.703,44.351,0,11
83.132,45.307,0,11
83.546,46.217,0,11
83.945,47.028,0,11
84.326,47.728,0,11
84.685,48.341,0,11
85.019,48.857,0,11
85.331,49.208,0,11
85.625,49.34,0,11
0,0,0,12
0,0.040808,0,12
0.0014436,0.14863,0,12
0.0058445,0.28153,0,12
0.014495,0.36788,0,12
0.029326,0.36943,0,12
0.05225,0.29808,0,12
0.085725,0.19514,0,12
0.13229,0.09723,0,12
0.19289,0.017393,0,12
0.26682,-0.054403,0,12
0.35251,-0.11844,0,12
0.44783,-0.1349,0,12
0.55213,-0.069398,0,12
0.66985,0.047265,0,12
0.81349,0.15612,0,12
1.0051,0.24458,0,12
1.276,0.34463,0,12
1.6621,0.47008,0,12
2.1942,0.58789,0,12
2.8847,0.66623,0,12
3.72,0.72371,0,12
4.6617,0.80458,0,12
5.6533,0.92193,0,12
6.6345,1.0343,0,12
7.5583,1.0807,0,12
8.4067,1.049,0,12
9.193,0.98,0,12
9.9521,0.8895,0,12
10.721,0.74883,0,12
11.522,0.55596,0,12
12.357,0.36356,0,12
13.217,0.23075,0,12
14.085,0.18917,0,12
14.942,0.23888,0,12
15.781,0.35051,0,12
16.603,0.475,0,12
17.423,0.57108,0,12
18.251,0.65035,0,12
19.094,0.76333,0,12
19.946,0.9132,0,12
20.795,1.028,0,12
21.633,1.0443,0,12
22.461,0.98911,0,12
23.287,0.93817,0,12
24.121,0.92264,0,12
24.967,0.93575,0,12
25.819,0.99731,0,12
26.665,1.1458,0,12
27.5,1.3533,0,12
28.327,1.5069,0,12
29.158,1.5384,0,12
30.003,1.5193,0,12
30.861,1.5735,0,12
31.722,1.7417,0,12
32.577,1.9696,0,12
33.429,2.1901,0,12
34.285,2.3598,0,12
35.145,2.467,0,12
36.005,2.5689,0,12
36.859,2.7579,0,12
37.705,3.0455,0,12
38.546,3.3462,0,12
39.388,3.5947,0,12
40.235,3.8135,0,12
41.086,4.0449,0,12
41.937,4.2916,0,12
42.784,4.5456,0,12
43.627,4.8182,0,12
44.467,5.1263,0,12
45.304,5.4624,0,12
46.137,5.7836,0,12
46.963,6.0549,0,12
47.784,6.2899,0,12
48.602,6.524,0,12
49.425,6.7792,0,12
50.254,7.0655,0,12
51.091,7.3953,0,12
51.931,7.7864,0,12
52.765,8.2347,0,12
53.586,8.7038,0,12
54.39,9.1738,0,12
55.18,9.6714,0,12
55.963,10.229,0,12
56.743,10.842,0,12
57.521,11.484,0,12
58.298,12.132,0,12
59.076,12.783,0,12
59.856,13.455,0,12
60.636,14.159,0,12
61.416,14.866,0,12
62.191,15.54,0,12
62.963,16.192,0,12
63.726,16.87,0,12
64.478,17.625,0,12
65.213,18.472,0,12
65.929,19.38,0,12
66.633,20.299,0,12
67.33,21.186,0,12
68.027,22.014,0,12
68.725,22.78,0,12
69.423,23.498,0,12
70.117,24.192,0,12
70.802,24.909,0,12
71.475,25.71,0,12
72.137,26.623,0,12
72.791,27.628,0,12
73.437,28.71,0,12
74.067,29.894,0,12
74.676,31.212,0,12
75.264,32.623,0,12
75.838,34.005,0,12
76.405,35.244,0,12
76.969,36.329,0,12
77.526,37.342,0,12
78.068,38.375,0,12
78.588,39.456,0,12
79.086,40.537,0,12
79.564,41.555,0,12
80.027,42.497,0,12
80.478,43.382,0,12
80.921,44.201,0,12
81.359,44.934,0,12
81.792,45.606,0,12
82.212,46.28,0,12
82.612,46.978,0,12
82.987,47.644,0,12
83.338,48.213,0,12
83.671,48.661,0,12
83.993,48.999,0,12
84.303,49.258,0,12
84.597,49.457,0,12
84.871,49.57,0,12
0,0,0,13
0,0.68894,0,13
0.0019192,1.8502,0,13
0.016926,1.9753,0,13
0.033999,2.0086,0,13
0.053514,1.9264,0,13
0.079636,1.7092,0,13
0.1176,1.3519,0,13
0.17043,0.87282,0,13
0.23762,0.34017,0,13
0.31526,-0.11608,0,13
0.39853,-0.37994,0,13
0.48615,-0.4333,0,13
0.58377,-0.34432,0,13
0.70794,-0.20644,0,13
0.88993,-0.080011,0,13
1.1734,0.044539,0,13
1.6033,0.18781,0,13
2.2101,0.3143,0,13
2.9951,0.41604,0,13
3.9247,0.55669,0,13
4.9361,0.74474,0,13
5.9539,0.89434,0,13
6.915,0.94446,0,13
7.7865,0.92397,0,13
8.5721,0.8982,0,13
9.304,0.90025,0,13
10.028,0.92944,0,13
10.785,0.9932,0,13
11.6,1.0994,0,13
12.467,1.227,0,13
13.363,1.3716,0,13
14.254,1.5765,0,13
15.115,1.8598,0,13
15.94,2.171,0,13
16.74,2.4615,0,13
17.54,2.7225,0,13
18.361,2.9277,0,13
19.209,3.0189,0,13
20.072,2.9773,0,13
20.93,2.8571,0,13
21.774,2.7461,0,13
22.601,2.7096,0,13
23.422,2.76,0,13
24.247,2.885,0,13
25.082,3.0841,0,13
25.92,3.3442,0,13
26.752,3.6202,0,13
27.569,3.879,0,13
28.372,4.125,0,13
29.17,4.3718,0,13
29.97,4.6232,0,13
30.778,4.8818,0,13
31.589,5.1413,0,13
32.402,5.387,0,13
33.215,5.6184,0,13
34.03,5.834,0,13
34.848,6.0213,0,13
35.669,6.2106,0,13
36.492,6.4629,0,13
37.315,6.7804,0,13
38.135,7.1113,0,13
38.948,7.4403,0,13
39.751,7.7945,0,13
40.544,8.1696,0,13
41.327,8.5273,0,13
42.104,8.8641,0,13
42.88,9.2146,0,13
43.661,9.6045,0,13
44.45,10.047,0,13
45.242,10.552,0,13
46.027,11.094,0,13
46.802,11.616,0,13
47.565,12.084,0,13
48.32,12.527,0,13
49.067,13.005,0,13
49.807,13.548,0,13
50.543,14.14,0,13
51.278,14.742,0,13
52.013,15.315,0,13
52.747,15.847,0,13
53.474,16.39,0,13
54.191,17.032,0,13
54.9,17.816,0,13
55.606,18.703,0,13
56.311,19.602,0,13
57.012,20.451,0,13
57.708,21.261,0,13
58.396,22.067,0,13
59.07,22.854,0,13
59.73,23.621,0,13
60.38,24.44,0,13
61.027,25.368,0,13
61.675,26.393,0,13
62.32,27.443,0,13
62.957,28.432,0,13
63.581,29.323,0,13
64.189,30.143,0,13
64.782,30.945,0,13
65.362,31.785,0,13
65.931,32.694,0,13
66.49,33.646,0,13
67.039,34.585,0,13
67.576,35.477,0,13
68.1,36.327,0,13
68.609,37.15,0,13
69.099,37.932,0,13
69.567,38.663,0,13
70.012,39.378,0,13
70.437,40.11,0,13
70.848,40.833,0,13
71.249,41.487,0,13
71.643,42.068,0,13
72.024,42.619,0,13
72.388,43.153,0,13
72.733,43.623,0,13
73.061,43.997,0,13
73.377,44.316,0,13
73.682,44.664,0,13
73.974,45.085,0,13
74.249,45.559,0,13
74.507,46.019,0,13
74.744,46.399,0,13
74.961,46.688,0,13
75.162,46.943,0,13
75.354,47.223,0,13
75.546,47.534,0,13
75.741,47.843,0,13
75.931,48.099,0,13
76.11,48.257,0,13
76.273,48.276,0,13
0,0,0,14
0,0.27624,0,14
0.0060536,0.2968,0,14
0.0045577,0.20466,0,14
0.0056196,-0.0061462,0,14
0.027752,-0.036115,0,14
0.05745,-0.10812,0,14
0.093148,-0.15742,0,14
0.13776,-0.16057,0,14
0.19847,-0.1639,0,14
0.28109,-0.17411,0,14
0.38473,-0.12118,0,14
0.50285,0.029685,0,14
0.62875,0.19908,0,14
0.76061,0.28238,0,14
0.90684,0.26789,0,14
1.0909,0.21577,0,14
1.3502,0.18976,0,14
1.7274,0.22898,0,14
2.2588,0.31176,0,14
2.9614,0.36196,0,14
3.8229,0.33591,0,14
4.7982,0.26848,0,14
5.8195,0.21763,0,14
6.8177,0.21017,0,14
7.7464,0.25057,0,14
8.5946,0.32088,0,14
9.384,0.36478,0,14
10.154,0.33875,0,14
10.945,0.27237,0,14
11.78,0.23735,0,14
12.658,0.26659,0,14
13.565,0.31562,0,14
14.478,0.32017,0,14
15.376,0.28187,0,14
16.247,0.25803,0,14
17.093,0.27883,0,14
17.928,0.32182,0,14
18.766,0.36677,0,14
19.617,0.41869,0,14
20.482,0.47236,0,14
21.355,0.50751,0,14
22.228,0.51444,0,14
23.096,0.50084,0,14
23.96,0.48362,0,14
24.823,0.48337,0,14
25.686,0.53156,0,14
26.547,0.65296,0,14
27.41,0.82835,0,14
28.275,1.0064,0,14
29.142,1.1314,0,14
30.008,1.1682,0,14
30.875,1.1473,0,14
31.741,1.142,0,14
32.605,1.18,0,14
33.464,1.2214,0,14
34.322,1.2361,0,14
35.183,1.2559,0,14
36.048,1.3287,0,14
36.914,1.4717,0,14
37.775,1.6823,0,14
38.631,1.9367,0,14
39.489,2.1868,0,14
40.353,2.4076,0,14
41.226,2.6345,0,14
42.103,2.9372,0,14
42.975,3.353,0,14
43.835,3.835,0,14
44.685,4.2958,0,14
45.531,4.6858,0,14
46.379,5.0049,0,14
47.232,5.295,0,14
48.087,5.6464,0,14
48.94,6.1451,0,14
49.787,6.7816,0,14
50.631,7.4673,0,14
51.477,8.1425,0,14
52.332,8.8107,0,14
53.195,9.4873,0,14
54.06,10.189,0,14
54.923,10.948,0,14
55.779,11.774,0,14
56.627,12.64,0,14
57.467,13.53,0,14
58.297,14.454,0,14
59.114,15.427,0,14
59.92,16.447,0,14
60.719,17.508,0,14
61.516,18.603,0,14
62.313,19.701,0,14
63.105,20.792,0,14
63.888,21.904,0,14
64.663,23.051,0,14
65.43,24.224,0,14
66.193,25.4,0,14
66.949,26.546,0,14
67.694,27.639,0,14
68.425,28.697,0,14
69.14,29.775,0,14
69.841,30.923,0,14
70.528,32.136,0,14
71.198,33.352,0,14
71.851,34.535,0,14
72.49,35.719,0,14
73.114,36.924,0,14
73.723,38.122,0,14
74.32,39.28,0,14
74.905,40.392,0,14
75.479,41.478,0,14
76.035,42.544,0,14
76.569,43.577,0,14
77.072,44.571,0,14
77.546,45.524,0,14
77.998,46.412,0,14
78.436,47.198,0,14
78.861,47.882,0,14
79.269,48.493,0,14
79.654,49.057,0,14
80.013,49.588,0,14
80.347,50.066,0,14
80.66,50.457,0,14
80.955,50.774,0,14
81.23,51.08,0,14
81.486,51.438,0,14
81.722,51.847,0,14
81.943,52.252,0,14
82.148,52.594,0,14
82.34,52.845,0,14
82.517,53.007,0,14
82.675,53.079,0,14
0,0,0,15
0,0.12298,0,15
0.0017095,0.33,0,15
0.0067403,0.61465,0,15
0.014846,0.93879,0,15
0.025791,1.2859,0,15
0.040752,1.6171,0,15
0.06057,1.8828,0,15
0.083827,2.0467,0,15
0.10746,2.0591,0,15
0.12799,1.8833,0,15
0.14347,1.553,0,15
0.15683,1.1347,0,15
0.17608,0.67726,0,15
0.20916,0.2258,0,15
0.25824,-0.16035,0,15
0.31982,-0.42354,0,15
0.38962,-0.52773,0,15
0.46653,-0.45781,0,15
0.55212,-0.2502,0,15
0.64818,-0.0099101,0,15
0.75914,0.17489,0,15
0.90143,0.2899,0,15
1.1104,0.35827,0,15
1.4358,0.42729,0,15
1.9245,0.55369,0,15
2.6,0.74896,0,15
3.449,0.96554,0,15
4.4194,1.1404,0,15
5.4339,1.2379,0,15
6.4156,1.2503,0,15
7.3155,1.1944,0,15
8.1259,1.14,0,15
8.8746,1.17,0,15
9.6074,1.2744,0,15
10.366,1.362,0,15
11.171,1.385,0,15
12.023,1.3768,0,15
12.902,1.3682,0,15
13.783,1.3404,0,15
14.649,1.2835,0,15
15.489,1.2303,0,15
16.31,1.2069,0,15
17.123,1.2056,0,15
17.944,1.2271,0,15
18.781,1.3063,0,15
19.632,1.4758,0,15
20.484,1.719,0,15
21.325,1.9734,0,15
22.147,2.1735,0,15
22.956,2.2945,0,15
23.762,2.3675,0,15
24.577,2.4504,0,15
25.408,2.58,0,15
26.249,2.7386,0,15
27.091,2.8749,0,15
27.931,2.9716,0,15
28.769,3.0625,0,15
29.607,3.1657,0,15
30.445,3.2511,0,15
31.279,3.3024,0,15
32.108,3.3612,0,15
32.934,3.4768,0,15
33.763,3.654,0,15
34.599,3.873,0,15
35.44,4.1144,0,15
36.277,4.3522,0,15
37.106,4.5577,0,15
37.93,4.7084,0,15
38.755,4.7852,0,15
39.583,4.7923,0,15
40.408,4.7872,0,15
41.226,4.8503,0,15
42.036,5.0226,0,15
42.839,5.2876,0,15
43.641,5.5865,0,15
44.442,5.8383,0,15
45.242,5.9733,0,15
46.04,5.9819,0,15
46.836,5.9503,0,15
47.633,6.0218,0,15
48.427,6.2796,0,15
49.217,6.6764,0,15
50.001,7.0997,0,15
50.779,7.4721,0,15
51.555,7.7634,0,15
52.331,7.9625,0,15
53.113,8.0871,0,15
53.9,8.2098,0,15
54.685,8.432,0,15
55.463,8.7996,0,15
56.232,9.2576,0,15
56.998,9.7195,0,15
57.763,10.149,0,15
58.527,10.539,0,15
59.283,10.885,0,15
60.029,11.221,0,15
60.765,11.601,0,15
61.496,12.036,0,15
62.226,12.512,0,15
62.959,13.003,0,15
63.689,13.457,0,15
64.412,13.838,0,15
65.129,14.192,0,15
65.841,14.609,0,15
66.551,15.121,0,15
67.261,15.695,0,15
67.974,16.291,0,15
68.69,16.907,0,15
69.406,17.555,0,15
70.114,18.212,0,15
70.812,18.835,0,15
71.501,19.435,0,15
72.186,20.073,0,15
72.873,20.768,0,15
73.562,21.478,0,15
74.249,22.198,0,15
74.932,22.972,0,15
75.603,23.797,0,15
76.259,24.603,0,15
76.897,25.34,0,15
77.521,26.019,0,15
78.134,26.671,0,15
78.739,27.32,0,15
79.339,27.989,0,15
79.932,28.684,0,15
80.515,29.39,0,15
81.084,30.085,0,15
81.634,30.735,0,15
82.164,31.319,0,15
82.677,31.855,0,15
83.181,32.382,0,15
83.684,32.93,0,15
84.186,33.505,0,15
84.683,34.074,0,15
85.172,34.596,0,15
85.648,35.041,0,15
86.112,35.398,0,15
86.567,35.674,0,15
87.011,35.858,0,15
87.442,35.884,0,15
0,0,0,16
0,1.4027,0,16
0.020131,1.2129,0,16
0.053442,0.79337,0,16
0.095931,0.3851,0,16
0.14946,0.093481,0,16
0.2146,-0.05106,0,16
0.28973,-0.097495,0,16
0.37225,-0.1054,0,16
0.4599,-0.081409,0,16
0.55288,-0.006189,0,16
0.65849,0.082791,0,16
0.79747,0.10164,0,16
1.0083,0.031791,0,16
1.342,-0.053704,0,16
1.8442,-0.087087,0,16
2.5334,-0.050708,0,16
3.3888,0.07025,0,16
4.3532,0.2689,0,16
5.3499,0.46847,0,16
6.3076,0.60422,0,16
7.1821,0.69982,0,16
7.967,0.79899,0,16
8.6888,0.89695,0,16
9.3916,0.97619,0,16
10.116,1.055,0,16
10.885,1.1469,0,16
11.699,1.2086,0,16
12.543,1.1998,0,16
13.395,1.1519,0,16
14.233,1.1303,0,16
15.044,1.1666,0,16
15.833,1.233,0,16
16.62,1.2742,0,16
17.426,1.2617,0,16
18.259,1.2068,0,16
19.107,1.1462,0,16
19.951,1.1276,0,16
20.777,1.1797,0,16
21.586,1.2805,0,16
22.39,1.3822,0,16
23.2,1.4725,0,16
24.021,1.5601,0,16
24.846,1.6317,0,16
25.665,1.6851,0,16
26.474,1.7561,0,16
27.281,1.8737,0,16
28.098,2.0259,0,16
28.924,2.185,0,16
29.754,2.3431,0,16
30.579,2.5092,0,16
31.397,2.6792,0,16
32.205,2.8335,0,16
33.008,2.9714,0,16
33.81,3.1214,0,16
34.612,3.3065,0,16
35.416,3.5164,0,16
36.216,3.7358,0,16
37.012,3.9965,0,16
37.802,4.3455,0,16
38.589,4.7534,0,16
39.378,5.1263,0,16
40.168,5.4091,0,16
40.958,5.6403,0,16
41.744,5.9168,0,16
42.529,6.2868,0,16
43.319,6.6896,0,16
44.112,7.0469,0,16
44.905,7.3701,0,16
45.698,7.7392,0,16
46.49,8.2091,0,16
47.283,8.7554,0,16
48.076,9.3118,0,16
48.863,9.8331,0,16
49.637,10.286,0,16
50.399,10.643,0,16
51.153,10.947,0,16
51.908,11.302,0,16
52.666,11.747,0,16
53.421,12.226,0,16
54.167,12.688,0,16
54.901,13.135,0,16
55.625,13.564,0,16
56.342,13.959,0,16
57.051,14.339,0,16
57.752,14.778,0,16
58.445,15.319,0,16
59.13,15.925,0,16
59.811,16.53,0,16
60.489,17.134,0,16
61.165,17.775,0,16
61.84,18.432,0,16
62.508,19.053,0,16
63.163,19.637,0,16
63.805,20.25,0,16
64.437,20.947,0,16
65.062,21.725,0,16
65.685,22.553,0,16
66.306,23.395,0,16
66.926,24.225,0,16
67.544,25.037,0,16
68.157,25.848,0,16
68.759,26.659,0,16
69.347,27.43,0,16
69.92,28.144,0,16
70.48,28.87,0,16
71.029,29.686,0,16
71.568,30.56,0,16
72.102,31.405,0,16
72.632,32.2,0,16
73.151,32.985,0,16
73.655,33.805,0,16
74.143,34.686,0,16
74.618,35.593,0,16
75.086,36.463,0,16
75.546,37.267,0,16
75.993,38.006,0,16
76.423,38.692,0,16
76.834,39.343,0,16
77.228,39.953,0,16
77.609,40.524,0,16
77.978,41.072,0,16
78.333,41.579,0,16
78.674,41.993,0,16
79.004,42.315,0,16
79.326,42.607,0,16
79.639,42.904,0,16
79.94,43.137,0,16
80.228,43.185,0,16
0,0,0,17
0,0.4332,0,17
0.00020217,0.38152,0,17
0.033706,0.25975,0,17
0.089992,0.17806,0,17
0.17253,0.14722,0,17
0.27557,0.13129,0,17
0.38602,0.11703,0,17
0.49301,0.1208,0,17
0.59932,0.14514,0,17
0.72606,0.15792,0,17
0.90893,0.11943,0,17
1.1918,0.030914,0,17
1.6196,-0.057978,0,17
2.2242,-0.082788,0,17
3.008,-0.0083032,0,17
3.935,0.12137,0,17
4.9375,0.20311,0,17
5.9377,0.18544,0,17
6.8747,0.11668,0,17
7.7235,0.068273,0,17
8.4965,0.065156,0,17
9.2298,0.10929,0,17
9.9647,0.21208,0,17
10.731,0.36108,0,17
11.539,0.49377,0,17
12.381,0.55569,0,17
13.237,0.5554,0,17
14.089,0.52255,0,17
14.923,0.47894,0,17
15.738,0.46672,0,17
16.543,0.51023,0,17
17.355,0.56828,0,17
18.185,0.58775,0,17
19.032,0.56774,0,17
19.885,0.54816,0,17
20.731,0.56766,0,17
21.568,0.65911,0,17
22.402,0.85521,0,17
23.24,1.1447,0,17
24.084,1.4407,0,17
24.931,1.6418,0,17
25.773,1.7336,0,17
26.602,1.7975,0,17
27.416,1.9031,0,17
28.224,2.0467,0,17
29.035,2.1931,0,17
29.86,2.3139,0,17
30.697,2.4088,0,17
31.538,2.5069,0,17
32.372,2.6229,0,17
33.198,2.7482,0,17
34.016,2.8971,0,17
34.831,3.0989,0,17
35.644,3.3572,0,17
36.454,3.662,0,17
37.258,4.0078,0,17
38.056,4.3826,0,17
38.854,4.7718,0,17
39.655,5.1566,0,17
40.459,5.5198,0,17
41.26,5.8734,0,17
42.055,6.2465,0,17
42.844,6.6414,0,17
43.628,7.0468,0,17
44.408,7.488,0,17
45.184,8.0019,0,17
45.964,8.5702,0,17
46.749,9.1337,0,17
47.535,9.6561,0,17
48.316,10.158,0,17
49.088,10.696,0,17
49.852,11.304,0,17
50.61,11.967,0,17
51.366,12.651,0,17
52.121,13.31,0,17
52.875,13.909,0,17
53.627,14.46,0,17
54.372,15.016,0,17
55.105,15.615,0,17
55.829,16.26,0,17
56.547,16.941,0,17
57.263,17.657,0,17
57.977,18.399,0,17
58.682,19.14,0,17
59.377,19.878,0,17
60.058,20.633,0,17
60.727,21.414,0,17
61.39,22.217,0,17
62.048,23.063,0,17
62.698,23.995,0,17
63.333,24.996,0,17
63.951,25.956,0,17
64.558,26.78,0,17
65.161,27.523,0,17
65.768,28.31,0,17
66.379,29.173,0,17
66.989,30.031,0,17
67.585,30.822,0,17
68.161,31.585,0,17
68.712,32.39,0,17
69.242,33.235,0,17
69.755,34.081,0,17
70.256,34.93,0,17
70.748,35.794,0,17
71.231,36.633,0,17
71.706,37.395,0,17
72.172,38.06,0,17
72.628,38.629,0,17
73.067,39.114,0,17
73.487,39.582,0,17
73.888,40.114,0,17
74.273,40.723,0,17
74.644,41.336,0,17
75.001,41.891,0,17
75.343,42.413,0,17
75.672,42.931,0,17
75.991,43.399,0,17
76.297,43.77,0,17
76.586,44.075,0,17
76.855,44.39,0,17
77.105,44.749,0,17
77.339,45.116,0,17
77.559,45.439,0,17
77.768,45.704,0,17
77.966,45.897,0,17
78.154,45.968,0,17
0,0,0,18
0,1.3263,0,18
0.0078388,2.0315,0,18
0.025504,2.2049,0,18
0.049283,2.2012,0,18
0.073907,2.0287,0,18
0.096707,1.6962,0,18
0.11909,1.1963,0,18
0.14447,0.58229,0,18
0.17743,-0.012249,0,18
0.22352,-0.46757,0,18
0.287,-0.74421,0,18
0.36863,-0.82976,0,18
0.46586,-0.68051,0,18
0.57382,-0.29802,0,18
0.68813,0.19186,0,18
0.81244,0.6194,0,18
0.96655,0.90002,0,18
1.1881,1.0552,0,18
1.5257,1.1439,0,18
2.0242,1.2016,0,18
2.7067,1.2396,0,18
3.5622,1.2874,0,18
4.5437,1.3866,0,18
5.5794,1.5093,0,18
6.5947,1.5527,0,18
7.5358,1.4533,0,18
8.3855,1.2603,0,18
9.1621,1.0852,0,18
9.9048,1.0023,0,18
10.655,1.0132,0,18
11.442,1.0897,0,18
12.276,1.2067,0,18
13.144,1.3296,0,18
14.025,1.4114,0,18
14.896,1.438,0,18
15.742,1.4633,0,18
16.567,1.5509,0,18
17.383,1.6911,0,18
18.206,1.8223,0,18
19.043,1.9033,0,18
19.886,1.9488,0,18
20.719,2.0062,0,18
21.529,2.0992,0,18
22.321,2.2274,0,18
23.109,2.3971,0,18
23.908,2.6004,0,18
24.726,2.805,0,18
25.561,2.9808,0,18
26.403,3.1233,0,18
27.243,3.2594,0,18
28.077,3.4135,0,18
28.907,3.5815,0,18
29.738,3.7637,0,18
30.572,3.9726,0,18
31.406,4.1953,0,18
32.237,4.4075,0,18
33.066,4.611,0,18
33.894,4.8201,0,18
34.721,5.0485,0,18
35.547,5.3235,0,18
36.367,5.6534,0,18
37.179,5.9855,0,18
37.986,6.2622,0,18
38.791,6.5018,0,18
39.598,6.7629,0,18
40.406,7.0724,0,18
41.213,7.4262,0,18
42.023,7.812,0,18
42.834,8.2077,0,18
43.644,8.5846,0,18
44.447,8.9292,0,18
45.241,9.2576,0,18
46.026,9.5899,0,18
46.808,9.9394,0,18
47.591,10.323,0,18
48.376,10.736,0,18
49.16,11.139,0,18
49.941,11.51,0,18
50.715,11.885,0,18
51.485,12.321,0,18
52.25,12.835,0,18
53.011,13.379,0,18
53.768,13.91,0,18
54.522,14.463,0,18
55.271,15.099,0,18
56.012,15.81,0,18
56.745,16.559,0,18
57.47,17.32,0,18
58.191,18.079,0,18
58.912,18.838,0,18
59.632,19.609,0,18
60.347,20.387,0,18
61.054,21.169,0,18
61.755,21.977,0,18
62.453,22.856,0,18
63.142,23.84,0,18
63.815,24.914,0,18
64.469,26.008,0,18
65.109,27.045,0,18
65.747,28,0,18
66.392,28.898,0,18
67.042,29.802,0,18
67.689,30.803,0,18
68.321,31.937,0,18
68.932,33.128,0,18
69.52,34.278,0,18
70.09,35.38,0,18
70.644,36.456,0,18
71.187,37.475,0,18
71.72,38.402,0,18
72.242,39.278,0,18
72.748,40.18,0,18
73.236,41.111,0,18
73.704,42.011,0,18
74.154,42.849,0,18
74.592,43.642,0,18
75.021,44.422,0,18
75.437,45.189,0,18
75.836,45.893,0,18
76.213,46.487,0,18
76.563,47,0,18
76.884,47.502,0,18
77.18,48.04,0,18
77.458,48.612,0,18
77.727,49.176,0,18
77.995,49.662,0,18
78.26,49.998,0,18
78.512,50.188,0,18
78.743,50.321,0,18
78.949,50.466,0,18
79.133,50.619,0,18
79.3,50.739,0,18
79.451,50.776,0,18
0,0,0,19
0,1.2966,0,19
0.0028819,1.5277,0,19
0.021454,1.308,0,19
0.046427,0.92365,0,19
0.081131,0.46645,0,19
0.13096,0.046317,0,19
0.19963,-0.2861,0,19
0.28651,-0.52451,0,19
0.3861,-0.63956,0,19
0.49023,-0.57749,0,19
0.59256,-0.33385,0,19
0.69604,-0.0050146,0,19
0.82003,0.26398,0,19
1.001,0.38185,0,19
1.2846,0.37096,0,19
1.7132,0.34726,0,19
2.3128,0.39952,0,19
3.0847,0.4978,0,19
4.0013,0.5707,0,19
5.008,0.59464,0,19
6.0358,0.57524,0,19
7.0216,0.52943,0,19
7.9291,0.48381,0,19
8.7564,0.45238,0,19
9.5303,0.43561,0,19
10.291,0.43635,0,19
11.074,0.45944,0,19
11.9,0.50811,0,19
12.768,0.57587,0,19
13.662,0.63257,0,19
14.558,0.64717,0,19
15.435,0.64063,0,19
16.285,0.67021,0,19
17.113,0.739,0,19
17.936,0.78695,0,19
18.771,0.77188,0,19
19.624,0.70066,0,19
20.486,0.61726,0,19
21.343,0.58068,0,19
22.187,0.62016,0,19
23.023,0.70198,0,19
23.862,0.76779,0,19
24.713,0.82011,0,19
25.573,0.90063,0,19
26.433,0.99823,0,19
27.284,1.0773,0,19
28.125,1.1457,0,19
28.959,1.2249,0,19
29.791,1.319,0,19
30.627,1.4355,0,19
31.467,1.5739,0,19
32.307,1.7035,0,19
33.144,1.7898,0,19
33.976,1.8155,0,19
34.809,1.7896,0,19
35.65,1.7598,0,19
36.502,1.7818,0,19
37.359,1.8682,0,19
38.211,1.9858,0,19
39.053,2.1063,0,19
39.885,2.2358,0,19
40.712,2.3732,0,19
41.541,2.4898,0,19
42.376,2.5845,0,19
43.217,2.6855,0,19
44.056,2.8119,0,19
44.89,2.9776,0,19
45.715,3.1755,0,19
46.535,3.3613,0,19
47.351,3.4969,0,19
48.169,3.5843,0,19
48.993,3.6493,0,19
49.824,3.7403,0,19
50.661,3.9248,0,19
51.5,4.2147,0,19
52.34,4.5337,0,19
53.177,4.8035,0,19
54.011,5.012,0,19
54.843,5.197,0,19
55.674,5.4023,0,19
56.506,5.6563,0,19
57.34,5.9669,0,19
58.172,6.3167,0,19
58.997,6.6783,0,19
59.809,7.0343,0,19
60.61,7.3767,0,19
61.405,7.7108,0,19
62.201,8.0486,0,19
63.002,8.3854,0,19
63.804,8.7149,0,19
64.605,9.0544,0,19
65.404,9.4173,0,19
66.203,9.7907,0,19
67.003,10.175,0,19
67.804,10.606,0,19
68.602,11.103,0,19
69.394,11.628,0,19
70.173,12.153,0,19
70.939,12.703,0,19
71.695,13.293,0,19
72.446,13.886,0,19
73.192,14.462,0,19
73.934,15.029,0,19
74.668,15.595,0,19
75.394,16.165,0,19
76.114,16.762,0,19
76.838,17.412,0,19
77.566,18.118,0,19
78.294,18.866,0,19
79.019,19.651,0,19
79.735,20.459,0,19
80.439,21.273,0,19
81.126,22.11,0,19
81.798,23.001,0,19
82.463,23.945,0,19
83.124,24.919,0,19
83.78,25.908,0,19
84.431,26.886,0,19
85.077,27.827,0,19
85.714,28.738,0,19
86.339,29.658,0,19
86.95,30.594,0,19
87.548,31.502,0,19
88.134,32.354,0,19
88.708,33.195,0,19
89.273,34.088,0,19
89.829,34.997,0,19
90.371,35.823,0,19
90.902,36.525,0,19
91.423,37.131,0,19
91.935,37.624,0,19
92.432,37.895,0,19
